Bot,en,de,es,fr,it,ja,kr,prt,ch
abomasnow,Abomasnow,Rexblisar,Abomasnow,Blizzaroi,Abomasnow,ユキノオー,눈설왕,Abomasnow,暴雪王
abra,Abra,Abra,Abra,Abra,Abra,ケーシィ,캐이시,Abra,凱西
absol,Absol,Absol,Absol,Absol,Absol,アブソル,앱솔,Absol,阿勃梭魯
aerodactyl,Aerodactyl,Aerodactyl,Aerodactyl,Ptéra,Aerodactyl,プテラ,프테라,Aerodactyl,化石翼龍
aggron,Aggron,Stolloss,Aggron,Galeking,Aggron,ボスゴドラ,보스로라,Aggron,波士可多拉
aipom,Aipom,Griffel,Aipom,Capumain,Aipom,エイパム,에이팜,Aipom,長尾怪手
alakazam,Alakazam,Simsala,Alakazam,Alakazam,Alakazam,フーディン,후딘,Alakazam,胡地
altaria,Altaria,Altaria,Altaria,Altaria,Altaria,チルタリス,파비코리,Altaria,七夕青鳥
ambipom,Ambipom,Ambidiffel,Ambipom,Capidextre,Ambipom,エテボース,겟핸보숭,Ambipom,雙尾怪手
ampharos,Ampharos,Ampharos,Ampharos,Pharamp,Ampharos,デンリュウ,전룡,Ampharos,電龍
anorith,Anorith,Anorith,Anorith,Anorith,Anorith,アノプス,아노딥스,Anorith,太古羽蟲
arbok,Arbok,Arbok,Arbok,Arbok,Arbok,アーボック,아보크,Arbok,阿柏怪
arcanine,Arcanine,Arkani,Arcanine,Arcanin,Arcanine,ウインディ,윈디,Arcanine,風速狗
arceus,Arceus,Arceus,Arceus,Arceus,Arceus,アルセウス,아르세우스,Arceus,阿爾宙斯
ariados,Ariados,Ariados,Ariados,Migalos,Ariados,アリアドス,아리아도스,Ariados,阿利多斯
armaldo,Armaldo,Armaldo,Armaldo,Armaldo,Armaldo,アーマルド,아말도,Armaldo,太古盔甲
aron,Aron,Stollunior,Aron,Galekid,Aron,ココドラ,가보리,Aron,可可多拉
articuno,Articuno,Arktos,Articuno,Artikodin,Articuno,フリーザー,프리져,Articuno,急凍鳥
azelf,Azelf,Tobutz,Azelf,Créfadet,Azelf,アグノム,아그놈,Azelf,亞克諾姆
azumarill,Azumarill,Azumarill,Azumarill,Azumarill,Azumarill,マリルリ,마릴리,Azumarill,瑪力露麗
azurill,Azurill,Azurill,Azurill,Azurill,Azurill,ルリリ,루리리,Azurill,露力麗
bagon,Bagon,Kindwurm,Bagon,Draby,Bagon,タツベイ,아공이,Bagon,寶貝龍
baltoy,Baltoy,Puppance,Baltoy,Balbuto,Baltoy,ヤジロン,오뚝군,Baltoy,天秤偶
banette,Banette,Banette,Banette,Branette,Banette,ジュペッタ,다크펫,Banette,詛咒娃娃
barboach,Barboach,Schmerbe,Barboach,Barloche,Barboach,ドジョッチ,미꾸리,Barboach,泥泥鰍
bastiodon,Bastiodon,Bollterus,Bastiodon,Bastiodon,Bastiodon,トリデプス,바리톱스,Bastiodon,護城龍
bayleef,Bayleef,Lorblatt,Bayleef,Macronium,Bayleef,ベイリーフ,베이리프,Bayleef,月桂葉
beautifly,Beautifly,Papinella,Beautifly,Charmillon,Beautifly,アゲハント,뷰티플라이,Beautifly,狩獵鳳蝶
beedrill,Beedrill,Bibor,Beedrill,Dardargnan,Beedrill,スピアー,독침붕,Beedrill,大針蜂
beldum,Beldum,Tanhel,Beldum,Terhal,Beldum,ダンバル,메탕,Beldum,鐵啞鈴
bellossom,Bellossom,Blubella,Bellossom,Joliflor,Bellossom,キレイハナ,아르코,Bellossom,美麗花
bellsprout,Bellsprout,Knofensa,Bellsprout,Chétiflor,Bellsprout,マダツボミ,모다피,Bellsprout,喇叭芽
bibarel,Bibarel,Bidifas,Bibarel,Castorno,Bibarel,ビーダル,비버통,Bibarel,大尾狸
bidoof,Bidoof,Bidiza,Bidoof,Keunotor,Bidoof,ビッパ,비버니,Bidoof,大牙狸
blastoise,Blastoise,Turtok,Blastoise,Tortank,Blastoise,カメックス,거북왕,Blastoise,水箭龜
blaziken,Blaziken,Lohgock,Blaziken,Braségali,Blaziken,バシャーモ,번치코,Blaziken,火焰雞
blissey,Blissey,Heiteira,Blissey,Leuphorie,Blissey,ハピナス,해피너스,Blissey,幸福蛋
bonsly,Bonsly,Mobai,Bonsly,Manzaï,Bonsly,ウソハチ,꼬지지,Bonsly,盆才怪
breloom,Breloom,Kapilz,Breloom,Chapignon,Breloom,キノガッサ,버섯모,Breloom,斗笠菇
bronzong,Bronzong,Bronzong,Bronzong,Archéodong,Bronzong,ドータクン,동탁군,Bronzong,青銅鐘
bronzor,Bronzor,Bronzel,Bronzor,Archéomire,Bronzor,ドーミラー,동미러,Bronzor,銅鏡怪
budew,Budew,Knospi,Budew,Rozbouton,Budew,スボミー,꼬몽울,Budew,含羞苞
buizel,Buizel,Bamelin,Buizel,Mustébouée,Buizel,ブイゼル,브이젤,Buizel,泳圈鼬
bulbasaur,Bulbasaur,Bisasam,Bulbasaur,Bulbizarre,Bulbasaur,フシギダネ,이상해씨,Bulbasaur,妙蛙種子
buneary,Buneary,Haspiror,Buneary,Laporeille,Buneary,ミミロル,이어롤,Buneary,捲捲耳
burmy,Burmy,Burmy,Burmy,Cheniti,Burmy,ミノムッチ,도롱충이,Burmy,結草兒
butterfree,Butterfree,Smettbo,Butterfree,Papilusion,Butterfree,バタフリー,버터플,Butterfree,巴大蝶
cacnea,Cacnea,Tuska,Cacnea,Cacnea,Cacnea,サボネア,선인왕,Cacnea,刺球仙人掌
cacturne,Cacturne,Noktuska,Cacturne,Cacturne,Cacturne,ノクタス,밤선인,Cacturne,夢歌仙人掌
camerupt,Camerupt,Camerupt,Camerupt,Camérupt,Camerupt,バクーダ,폭타,Camerupt,噴火駝
carnivine,Carnivine,Venuflibis,Carnivine,Vortente,Carnivine,マスキッパ,무스틈니,Carnivine,尖牙籠
carvanha,Carvanha,Kanivanha,Carvanha,Carvanha,Carvanha,キバニア,샤프니아,Carvanha,利牙魚
cascoon,Cascoon,Panekon,Cascoon,Blindalys,Cascoon,マユルド,카스쿤,Cascoon,盾甲繭
castform,Castform,Formeo,Castform,Morphéo,Castform,ポワルン,캐스퐁,Castform,飄浮泡泡
caterpie,Caterpie,Raupy,Caterpie,Chenipan,Caterpie,キャタピー,캐터피,Caterpie,綠毛蟲
celebi,Celebi,Celebi,Celebi,Celebi,Celebi,セレビィ,세레비,Celebi,時拉比
chansey,Chansey,Chaneira,Chansey,Leveinard,Chansey,ラッキー,럭키,Chansey,吉利蛋
charizard,Charizard,Glurak,Charizard,Dracaufeu,Charizard,リザードン,리자몽,Charizard,噴火龍
charmander,Charmander,Glumanda,Charmander,Salamèche,Charmander,ヒトカゲ,파이리,Charmander,小火龍
charmeleon,Charmeleon,Glutexo,Charmeleon,Reptincel,Charmeleon,リザード,리자드,Charmeleon,火恐龍
chatot,Chatot,Plaudagei,Chatot,Pijako,Chatot,ペラップ,페라페,Chatot,聒噪鳥
cherrim,Cherrim,Kinoso,Cherrim,Ceriflor,Cherrim,チェリム,체리꼬,Cherrim,櫻花兒
cherubi,Cherubi,Kikugi,Cherubi,Ceribou,Cherubi,チェリンボ,체리버,Cherubi,櫻花寶
chikorita,Chikorita,Endivie,Chikorita,Germignon,Chikorita,チコリータ,치코리타,Chikorita,菊草葉
chimchar,Chimchar,Panflam,Chimchar,Ouisticram,Chimchar,ヒコザル,불꽃숭이,Chimchar,小火焰猴
chimecho,Chimecho,Palimpalim,Chimecho,Éoko,Chimecho,チリーン,치렁,Chimecho,風鈴鈴
chinchou,Chinchou,Lampi,Chinchou,Loupio,Chinchou,チョンチー,초라기,Chinchou,燈籠魚
chingling,Chingling,Klingplim,Chingling,Korillon,Chingling,リーシャン,랑딸랑,Chingling,鈴鐺響
clamperl,Clamperl,Perlu,Clamperl,Coquiperl,Clamperl,パールル,진주몽,Clamperl,珍珠貝
claydol,Claydol,Lepumentas,Claydol,Kaorine,Claydol,ネンドール,점토도리,Claydol,念力土偶
clefable,Clefable,Pixi,Clefable,Mélodelfe,Clefable,ピクシー,픽시,Clefable,皮可西
clefairy,Clefairy,Piepi,Clefairy,Mélofée,Clefairy,ピッピ,삐삐,Clefairy,皮皮
cleffa,Cleffa,Pii,Cleffa,Mélo,Cleffa,ピィ,삐,Cleffa,皮寶寶
cloyster,Cloyster,Austos,Cloyster,Crustabri,Cloyster,パルシェン,파르셀,Cloyster,刺甲貝
combee,Combee,Wadribie,Combee,Apitrini,Combee,ミツハニー,세꿀버리,Combee,三蜜蜂
combusken,Combusken,Jungglut,Combusken,Galifeu,Combusken,ワカシャモ,영치코,Combusken,力壯雞
corphish,Corphish,Krebscorps,Corphish,Écrapince,Corphish,ヘイガニ,가재군,Corphish,龍蝦小兵
corsola,Corsola,Corasonn,Corsola,Corayon,Corsola,サニーゴ,코산호,Corsola,太陽珊瑚
cradily,Cradily,Wielie,Cradily,Vacilys,Cradily,ユレイドル,릴리요,Cradily,搖籃百合
cranidos,Cranidos,Koknodon,Cranidos,Kranidos,Cranidos,ズガイドス,두개도스,Cranidos,頭蓋龍
crawdaunt,Crawdaunt,Krebutack,Crawdaunt,Colhomard,Crawdaunt,シザリガー,가재장군,Crawdaunt,鐵螯龍蝦
cresselia,Cresselia,Cresselia,Cresselia,Cresselia,Cresselia,クレセリア,크레세리아,Cresselia,克雷色利亞
croagunk,Croagunk,Glibunkel,Croagunk,Cradopaud,Croagunk,グレッグル,삐딱구리,Croagunk,不良蛙
crobat,Crobat,Iksbat,Crobat,Nostenfer,Crobat,クロバット,크로뱃,Crobat,叉字蝠
croconaw,Croconaw,Tyracroc,Croconaw,Crocrodil,Croconaw,アリゲイツ,엘리게이,Croconaw,藍鱷
cubone,Cubone,Tragosso,Cubone,Osselait,Cubone,カラカラ,탕구리,Cubone,卡拉卡拉
cyndaquil,Cyndaquil,Feurigel,Cyndaquil,Héricendre,Cyndaquil,ヒノアラシ,브케인,Cyndaquil,火球鼠
darkrai,Darkrai,Darkrai,Darkrai,Darkrai,Darkrai,ダークライ,다크라이,Darkrai,達克萊伊
delcatty,Delcatty,Enekoro,Delcatty,Delcatty,Delcatty,エネコロロ,델케티,Delcatty,優雅貓
delibird,Delibird,Botogel,Delibird,Cadoizo,Delibird,デリバード,딜리버드,Delibird,信使鳥
deoxys+attack,Deoxys+attack,Deoxys+attack,Deoxys+attack,Deoxys+attack,Deoxys+attack,デオキシス,테오키스,Deoxys+attack,代歐奇希斯
deoxys+defense,Deoxys+defense,Deoxys+defense,Deoxys+defense,Deoxys+defense,Deoxys+defense,デオキシス,테오키스,Deoxys+defense,代歐奇希斯
deoxys+speed,Deoxys+speed,Deoxys+speed,Deoxys+speed,Deoxys+speed,Deoxys+speed,デオキシス,테오키스,Deoxys+speed,代歐奇希斯
deoxys+normal,Deoxys+normal,Deoxys+normal,Deoxys+normal,Deoxys+normal,Deoxys+normal,デオキシス,테오키스,Deoxys+normal,代歐奇希斯
dewgong,Dewgong,Jugong,Dewgong,Lamantine,Dewgong,ジュゴン,쥬레곤,Dewgong,白海獅
dialga,Dialga,Dialga,Dialga,Dialga,Dialga,ディアルガ,디아루가,Dialga,帝牙盧卡
diglett,Diglett,Digda,Diglett,Taupiqueur,Diglett,ディグダ,디그다,Diglett,地鼠
diglett+alolan,Diglett+alolan,Digda+alolan,Diglett+alolan,Taupiqueur+alolan,Diglett+alolan,ディグダ,디그다,Diglett+alolan,地鼠
ditto,Ditto,Ditto,Ditto,Métamorph,Ditto,メタモン,메타몽,Ditto,百變怪
dodrio,Dodrio,Dodri,Dodrio,Dodrio,Dodrio,ドードリオ,두트리오,Dodrio,嘟嘟利
doduo,Doduo,Dodu,Doduo,Doduo,Doduo,ドードー,두두,Doduo,嘟嘟
donphan,Donphan,Donphan,Donphan,Donphan,Donphan,ドンファン,코리갑,Donphan,頓甲
dragonair,Dragonair,Dragonir,Dragonair,Draco,Dragonair,ハクリュー,신뇽,Dragonair,哈克龍
dragonite,Dragonite,Dragoran,Dragonite,Dracolosse,Dragonite,カイリュー,망나뇽,Dragonite,快龍
drapion,Drapion,Piondragi,Drapion,Drascore,Drapion,ドラピオン,드래피온,Drapion,龍王蠍
dratini,Dratini,Dratini,Dratini,Minidraco,Dratini,ミニリュウ,미뇽,Dratini,迷你龍
drifblim,Drifblim,Drifzepeli,Drifblim,Grodrive,Drifblim,フワライド,둥실라이드,Drifblim,隨風球
drifloon,Drifloon,Driftlon,Drifloon,Baudrive,Drifloon,フワンテ,흔들풍손,Drifloon,飄飄球
drowzee,Drowzee,Traumato,Drowzee,Soporifik,Drowzee,スリープ,슬리프,Drowzee,催眠貘
dugtrio,Dugtrio,Digdri,Dugtrio,Triopikeur,Dugtrio,ダグトリオ,닥트리오,Dugtrio,三地鼠
dugtrio+alolan,Dugtrio+alolan,Digdri+alolan,Dugtrio+alolan,Triopikeur+alolan,Dugtrio+alolan,ダグトリオ,닥트리오,Dugtrio+alolan,三地鼠
dunsparce,Dunsparce,Dummisel,Dunsparce,Insolourdo,Dunsparce,ノコッチ,노고치,Dunsparce,土龍弟弟
dusclops,Dusclops,Zwirrklop,Dusclops,Téraclope,Dusclops,サマヨール,미라몽,Dusclops,彷徨夜靈
dusknoir,Dusknoir,Zwirrfinst,Dusknoir,Noctunoir,Dusknoir,ヨノワール,야느와르몽,Dusknoir,黑夜魔靈
duskull,Duskull,Zwirrlicht,Duskull,Skelénox,Duskull,ヨマワル,해골몽,Duskull,夜巡靈
dustox,Dustox,Pudox,Dustox,Papinox,Dustox,ドクケイル,독케일,Dustox,毒粉蛾
eevee,Eevee,Evoli,Eevee,Évoli,Eevee,イーブイ,이브이,Eevee,伊布
ekans,Ekans,Rettan,Ekans,Abo,Ekans,アーボ,아보,Ekans,阿柏蛇
electabuzz,Electabuzz,Elektek,Electabuzz,Élektek,Electabuzz,エレブー,에레브,Electabuzz,電擊獸
electivire,Electivire,Elevoltek,Electivire,Élekable,Electivire,エレキブル,에레키블,Electivire,電擊魔獸
electrike,Electrike,Frizelbliz,Electrike,Dynavolt,Electrike,ラクライ,썬더라이,Electrike,落雷獸
electrode,Electrode,Lektrobal,Electrode,Électrode,Electrode,マルマイン,붐볼,Electrode,頑皮雷彈
elekid,Elekid,Elekid,Elekid,Élekid,Elekid,エレキッド,에레키드,Elekid,電擊怪
empoleon,Empoleon,Impoleon,Empoleon,Pingoléon,Empoleon,エンペルト,엠페르트,Empoleon,帝王拿波
entei,Entei,Entei,Entei,Entei,Entei,エンテイ,앤테이,Entei,炎帝
espeon,Espeon,Psiana,Espeon,Mentali,Espeon,エーフィ,에브이,Espeon,太陽伊布
exeggcute,Exeggcute,Owei,Exeggcute,Noeunoeuf,Exeggcute,タマタマ,아라리,Exeggcute,蛋蛋
exeggutor,Exeggutor,Kokowei,Exeggutor,Noadkoko,Exeggutor,ナッシー,나시,Exeggutor,椰蛋樹
exeggutor+alolan,Exeggutor+alolan,Kokowei+alolan,Exeggutor+alolan,Noadkoko+alolan,Exeggutor+alolan,ナッシー,나시,Exeggutor+alolan,椰蛋樹
exploud,Exploud,Krawumms,Exploud,Brouhabam,Exploud,バクオング,폭음룡,Exploud,爆音怪
farfetchd,Farfetchd,Porenta,Farfetchd,Canarticho,Farfetchd,カモネギ,파오리,Farfetchd,大蔥鴨
fearow,Fearow,Ibitak,Fearow,Rapasdepic,Fearow,オニドリル,깨비드릴조,Fearow,大嘴雀
feebas,Feebas,Barschwa,Feebas,Barpau,Feebas,ヒンバス,빈티나,Feebas,醜醜魚
feraligatr,Feraligatr,Impergator,Feraligatr,Aligatueur,Feraligatr,オーダイル,장크로다일,Feraligatr,大力鱷
finneon,Finneon,Finneon,Finneon,Écayon,Finneon,ケイコウオ,형광어,Finneon,螢光魚
flaaffy,Flaaffy,Waaty,Flaaffy,Lainergie,Flaaffy,モココ,보송송,Flaaffy,茸茸羊
flareon,Flareon,Flamara,Flareon,Pyroli,Flareon,ブースター,부스터,Flareon,火伊布
floatzel,Floatzel,Bojelin,Floatzel,Mustéflott,Floatzel,フローゼル,플로젤,Floatzel,浮潛鼬
flygon,Flygon,Libelldra,Flygon,Libégon,Flygon,フライゴン,플라이곤,Flygon,沙漠蜻蜓
forretress,Forretress,Forstellka,Forretress,Foretress,Forretress,フォレトス,쏘콘,Forretress,佛烈托斯
froslass,Froslass,Frosdedje,Froslass,Momartik,Froslass,ユキメノコ,눈여아,Froslass,雪妖女
furret,Furret,Wiesenior,Furret,Fouinar,Furret,オオタチ,다꼬리,Furret,大尾立
gabite,Gabite,Knarksel,Gabite,Carmache,Gabite,ガバイト,한바이트,Gabite,尖牙陸鯊
gallade,Gallade,Galagladi,Gallade,Gallame,Gallade,エルレイド,엘레이드,Gallade,艾路雷朵
garchomp,Garchomp,Knakrack,Garchomp,Carchacrok,Garchomp,ガブリアス,한카리아스,Garchomp,烈咬陸鯊
gardevoir,Gardevoir,Guardevoir,Gardevoir,Gardevoir,Gardevoir,サーナイト,가디안,Gardevoir,沙奈朵
gastly,Gastly,Nebulak,Gastly,Fantominus,Gastly,ゴース,고오스,Gastly,鬼斯
gastrodon,Gastrodon,Gastrodon,Gastrodon,Tritosor,Gastrodon,トリトドン,트리토돈,Gastrodon,海兔獸
gengar,Gengar,Gengar,Gengar,Ectoplasma,Gengar,ゲンガー,팬텀,Gengar,耿鬼
geodude,Geodude,Kleinstein,Geodude,Racaillou,Geodude,イシツブテ,꼬마돌,Geodude,小拳石
geodude+alolan,Geodude+alolan,Kleinstein+alolan,Geodude+alolan,Racaillou+alolan,Geodude+alolan,イシツブテ,꼬마돌,Geodude+alolan,小拳石
gible,Gible,Kaumalat,Gible,Griknot,Gible,フカマル,딥상어동,Gible,圓陸鯊
girafarig,Girafarig,Girafarig,Girafarig,Girafarig,Girafarig,キリンリキ,키링키,Girafarig,麒麟奇
giratina+altered,Giratina+altered,Giratina+altered,Giratina+altered,Giratina+altered,Giratina+altered,ギラティナ,기라티나,Giratina+altered,騎拉帝納
giratina+origin,Giratina+origin,Giratina+origin,Giratina+origin,Giratina+origin,Giratina+origin,ギラティナ,기라티나,Giratina+origin,騎拉帝納
glaceon,Glaceon,Glaziola,Glaceon,Givrali,Glaceon,グレイシア,글레이시아,Glaceon,冰伊布
glalie,Glalie,Firnontor,Glalie,Oniglali,Glalie,オニゴーリ,얼음귀신,Glalie,冰鬼護
glameow,Glameow,Charmian,Glameow,Chaglam,Glameow,ニャルマー,나옹마,Glameow,魅力喵
gligar,Gligar,Skorgla,Gligar,Scorplane,Gligar,グライガー,글라이거,Gligar,天蠍
gliscor,Gliscor,Skorgro,Gliscor,Scorvol,Gliscor,グライオン,글라이온,Gliscor,天蠍王
gloom,Gloom,Duflor,Gloom,Ortide,Gloom,クサイハナ,냄새꼬,Gloom,臭臭花
golbat,Golbat,Golbat,Golbat,Nosferalto,Golbat,ゴルバット,골뱃,Golbat,大嘴蝠
goldeen,Goldeen,Goldini,Goldeen,Poissirène,Goldeen,トサキント,콘치,Goldeen,角金魚
golduck,Golduck,Entoron,Golduck,Akwakwak,Golduck,ゴルダック,골덕,Golduck,哥達鴨
golem,Golem,Geowaz,Golem,Grolem,Golem,ゴローニャ,딱구리,Golem,隆隆岩
golem+alolan,Golem+alolan,Geowaz+alolan,Golem+alolan,Grolem+alolan,Golem+alolan,ゴローニャ,딱구리,Golem+alolan,隆隆岩
gorebyss,Gorebyss,Saganabyss,Gorebyss,Rosabyss,Gorebyss,サクラビス,분홍장이,Gorebyss,櫻花魚
granbull,Granbull,Granbull,Granbull,Granbull,Granbull,グランブル,그랑블루,Granbull,布魯皇
graveler,Graveler,Georok,Graveler,Gravalanch,Graveler,ゴローン,데구리,Graveler,隆隆石
graveler+alolan,Graveler+alolan,Georok+alolan,Graveler+alolan,Gravalanch+alolan,Graveler+alolan,ゴローン,데구리,Graveler+alolan,隆隆石
grimer,Grimer,Sleima,Grimer,Tadmorv,Grimer,ベトベター,질퍽이,Grimer,臭泥
grimer+alolan,Grimer+alolan,Sleima+alolan,Grimer+alolan,Tadmorv+alolan,Grimer+alolan,ベトベター,질퍽이,Grimer+alolan,臭泥
grotle,Grotle,Chelcarain,Grotle,Boskara,Grotle,ハヤシガメ,수풀부기,Grotle,樹林龜
groudon,Groudon,Groudon,Groudon,Groudon,Groudon,グラードン,그란돈,Groudon,固拉多
grovyle,Grovyle,Reptain,Grovyle,Massko,Grovyle,ジュプトル,나무돌이,Grovyle,森林蜥蜴
growlithe,Growlithe,Fukano,Growlithe,Caninos,Growlithe,ガーディ,가디,Growlithe,卡蒂狗
grumpig,Grumpig,Groink,Grumpig,Groret,Grumpig,ブーピッグ,피그킹,Grumpig,噗噗豬
gulpin,Gulpin,Schluppuck,Gulpin,Gloupti,Gulpin,ゴクリン,꼴깍몬,Gulpin,溶食獸
gyarados,Gyarados,Garados,Gyarados,Léviator,Gyarados,ギャラドス,갸라도스,Gyarados,暴鯉龍
happiny,Happiny,Wonneira,Happiny,Ptiravi,Happiny,ピンプク,핑복,Happiny,小福蛋
hariyama,Hariyama,Hariyama,Hariyama,Hariyama,Hariyama,ハリテヤマ,하리뭉,Hariyama,鐵掌力士
haunter,Haunter,Alpollo,Haunter,Spectrum,Haunter,ゴースト,고우스트,Haunter,鬼斯通
heatran,Heatran,Heatran,Heatran,Heatran,Heatran,ヒードラン,히드런,Heatran,席多藍恩
heracross,Heracross,Skaraborn,Heracross,Scarhino,Heracross,ヘラクロス,헤라크로스,Heracross,赫拉克羅斯
hippopotas,Hippopotas,Hippopotas,Hippopotas,Hippopotas,Hippopotas,ヒポポタス,히포포타스,Hippopotas,沙河馬
hippowdon,Hippowdon,Hippoterus,Hippowdon,Hippodocus,Hippowdon,カバルドン,하마돈,Hippowdon,河馬獸
hitmonchan,Hitmonchan,Nockchan,Hitmonchan,Tygnon,Hitmonchan,エビワラー,홍수몬,Hitmonchan,快拳郎
hitmonlee,Hitmonlee,Kicklee,Hitmonlee,Kicklee,Hitmonlee,サワムラー,시라소몬,Hitmonlee,飛腿郎
hitmontop,Hitmontop,Kapoera,Hitmontop,Kapoera,Hitmontop,カポエラー,카포에라,Hitmontop,戰舞郎
ho-oh,Ho-Oh,Ho-Oh,Ho-Oh,Ho-Oh,Ho-Oh,ホウオウ,칠색조,Ho-Oh,鳳王
honchkrow,Honchkrow,Kramshef,Honchkrow,Corboss,Honchkrow,ドンカラス,돈크로우,Honchkrow,烏鴉頭頭
hoothoot,Hoothoot,Hoothoot,Hoothoot,Hoothoot,Hoothoot,ホーホー,부우부,Hoothoot,咕咕
hoppip,Hoppip,Hoppspross,Hoppip,Granivol,Hoppip,ハネッコ,통통코,Hoppip,毽子草
horsea,Horsea,Seeper,Horsea,Hypotrempe,Horsea,タッツー,쏘드라,Horsea,墨海馬
houndoom,Houndoom,Hundemon,Houndoom,Démolosse,Houndoom,ヘルガー,헬가,Houndoom,黑魯加
houndour,Houndour,Hunduster,Houndour,Malosse,Houndour,デルビル,델빌,Houndour,戴魯比
huntail,Huntail,Aalabyss,Huntail,Serpang,Huntail,ハンテール,헌테일,Huntail,獵斑魚
hypno,Hypno,Hypno,Hypno,Hypnomade,Hypno,スリーパー,슬리퍼,Hypno,引夢貘人
igglybuff,Igglybuff,Fluffeluff,Igglybuff,Toudoudou,Igglybuff,ププリン,푸푸린,Igglybuff,寶寶丁
illumise,Illumise,Illumise,Illumise,Lumivole,Illumise,イルミーゼ,네오비트,Illumise,甜甜螢
infernape,Infernape,Panferno,Infernape,Simiabraz,Infernape,ゴウカザル,초염몽,Infernape,烈焰猴
ivysaur,Ivysaur,Bisaknosp,Ivysaur,Herbizarre,Ivysaur,フシギソウ,이상해풀,Ivysaur,妙蛙草
jigglypuff,Jigglypuff,Pummeluff,Jigglypuff,Rondoudou,Jigglypuff,プリン,푸린,Jigglypuff,胖丁
jirachi,Jirachi,Jirachi,Jirachi,Jirachi,Jirachi,ジラーチ,지라치,Jirachi,基拉祈
jolteon,Jolteon,Blitza,Jolteon,Voltali,Jolteon,サンダース,쥬피썬더,Jolteon,雷伊布
jumpluff,Jumpluff,Papungha,Jumpluff,Cotovol,Jumpluff,ワタッコ,솜솜코,Jumpluff,毽子棉
jynx,Jynx,Rossana,Jynx,Lippoutou,Jynx,ルージュラ,루주라,Jynx,迷唇姐
kabuto,Kabuto,Kabuto,Kabuto,Kabuto,Kabuto,カブト,투구,Kabuto,化石盔
kabutops,Kabutops,Kabutops,Kabutops,Kabutops,Kabutops,カブトプス,투구푸스,Kabutops,鐮刀盔
kadabra,Kadabra,Kadabra,Kadabra,Kadabra,Kadabra,ユンゲラー,윤겔라,Kadabra,勇基拉
kakuna,Kakuna,Kokuna,Kakuna,Coconfort,Kakuna,コクーン,딱충이,Kakuna,鐵殼蛹
kangaskhan,Kangaskhan,Kangama,Kangaskhan,Kangourex,Kangaskhan,ガルーラ,캥카,Kangaskhan,袋獸
kecleon,Kecleon,Kecleon,Kecleon,Kecleon,Kecleon,カクレオン,켈리몬,Kecleon,變隱龍
kingdra,Kingdra,Seedraking,Kingdra,Hyporoi,Kingdra,キングドラ,킹드라,Kingdra,刺龍王
kingler,Kingler,Kingler,Kingler,Krabboss,Kingler,キングラー,킹크랩,Kingler,巨鉗蟹
kirlia,Kirlia,Kirlia,Kirlia,Kirlia,Kirlia,キルリア,킬리아,Kirlia,奇魯莉安
koffing,Koffing,Smogon,Koffing,Smogo,Koffing,ドガース,또가스,Koffing,瓦斯彈
krabby,Krabby,Krabby,Krabby,Krabby,Krabby,クラブ,크랩,Krabby,大鉗蟹
kricketot,Kricketot,Zirpurze,Kricketot,Crikzik,Kricketot,コロボーシ,귀뚤뚜기,Kricketot,圓法師
kricketune,Kricketune,Zirpeise,Kricketune,Mélokrik,Kricketune,コロトック,귀뚤톡크,Kricketune,音箱蟀
kyogre,Kyogre,Kyogre,Kyogre,Kyogre,Kyogre,カイオーガ,가이오가,Kyogre,蓋歐卡
lairon,Lairon,Stollrak,Lairon,Galegon,Lairon,コドラ,갱도라,Lairon,可多拉
lanturn,Lanturn,Lanturn,Lanturn,Lanturn,Lanturn,ランターン,랜턴,Lanturn,電燈怪
lapras,Lapras,Lapras,Lapras,Lokhlass,Lapras,ラプラス,라프라스,Lapras,拉普拉斯
larvitar,Larvitar,Larvitar,Larvitar,Embrylex,Larvitar,ヨーギラス,애버라스,Larvitar,幼基拉斯
latias,Latias,Latias,Latias,Latias,Latias,ラティアス,라티아스,Latias,拉帝亞斯
latios,Latios,Latios,Latios,Latios,Latios,ラティオス,라티오스,Latios,拉帝歐斯
leafeon,Leafeon,Folipurba,Leafeon,Phyllali,Leafeon,リーフィア,리피아,Leafeon,葉伊布
ledian,Ledian,Ledian,Ledian,Coxyclaque,Ledian,レディアン,레디안,Ledian,安瓢蟲
ledyba,Ledyba,Ledyba,Ledyba,Coxy,Ledyba,レディバ,레디바,Ledyba,芭瓢蟲
lickilicky,Lickilicky,Schlurplek,Lickilicky,Coudlangue,Lickilicky,ベロベルト,내룸벨트,Lickilicky,大舌舔
lickitung,Lickitung,Schlurp,Lickitung,Excelangue,Lickitung,ベロリンガ,내루미,Lickitung,大舌頭
lileep,Lileep,Liliep,Lileep,Lilia,Lileep,リリーラ,릴링,Lileep,觸手百合
linoone,Linoone,Geradaks,Linoone,Linéon,Linoone,マッスグマ,직구리,Linoone,直衝熊
lombre,Lombre,Lombrero,Lombre,Lombre,Lombre,ハスブレロ,로토스,Lombre,蓮帽小童
lopunny,Lopunny,Schlapor,Lopunny,Lockpin,Lopunny,ミミロップ,이어롭,Lopunny,長耳兔
lotad,Lotad,Loturzel,Lotad,Nénupiot,Lotad,ハスボー,연꽃몬,Lotad,蓮葉童子
loudred,Loudred,Krakeelo,Loudred,Ramboum,Loudred,ドゴーム,노공룡,Loudred,吼爆彈
lucario,Lucario,Lucario,Lucario,Lucario,Lucario,ルカリオ,루카리오,Lucario,路卡利歐
ludicolo,Ludicolo,Kappalores,Ludicolo,Ludicolo,Ludicolo,ルンパッパ,로파파,Ludicolo,樂天河童
lugia,Lugia,Lugia,Lugia,Lugia,Lugia,ルギア,루기아,Lugia,洛奇亞
lumineon,Lumineon,Lumineon,Lumineon,Luminéon,Lumineon,ネオラント,네오라이트,Lumineon,霓虹魚
lunatone,Lunatone,Lunastein,Lunatone,Séléroc,Lunatone,ルナトーン,루나톤,Lunatone,月石
luvdisc,Luvdisc,Liebiskus,Luvdisc,Lovdisc,Luvdisc,ラブカス,사랑동이,Luvdisc,愛心魚
luxio,Luxio,Luxio,Luxio,Luxio,Luxio,ルクシオ,럭시오,Luxio,勒克貓
luxray,Luxray,Luxtra,Luxray,Luxray,Luxray,レントラー,렌트라,Luxray,倫琴貓
machamp,Machamp,Machomei,Machamp,Mackogneur,Machamp,カイリキー,괴력몬,Machamp,怪力
machoke,Machoke,Maschock,Machoke,Machopeur,Machoke,ゴーリキー,근육몬,Machoke,豪力
machop,Machop,Machollo,Machop,Machoc,Machop,ワンリキー,알통몬,Machop,腕力
magby,Magby,Magby,Magby,Magby,Magby,ブビィ,마그비,Magby,鴨嘴寶寶
magcargo,Magcargo,Magcargo,Magcargo,Volcaropod,Magcargo,マグカルゴ,마그카르고,Magcargo,熔岩蝸牛
magikarp,Magikarp,Karpador,Magikarp,Magicarpe,Magikarp,コイキング,잉어킹,Magikarp,鯉魚王
magmar,Magmar,Magmar,Magmar,Magmar,Magmar,ブーバー,마그마,Magmar,鴨嘴火獸
magmortar,Magmortar,Magbrant,Magmortar,Maganon,Magmortar,ブーバーン,마그마번,Magmortar,鴨嘴炎獸
magnemite,Magnemite,Magnetilo,Magnemite,Magnéti,Magnemite,コイル,코일,Magnemite,小磁怪
magneton,Magneton,Magneton,Magneton,Magnéton,Magneton,レアコイル,레어코일,Magneton,三合一磁怪
magnezone,Magnezone,Magnezone,Magnezone,Magnézone,Magnezone,ジバコイル,자포코일,Magnezone,自爆磁怪
makuhita,Makuhita,Makuhita,Makuhita,Makuhita,Makuhita,マクノシタ,마크탕,Makuhita,幕下力士
mamoswine,Mamoswine,Mamutel,Mamoswine,Mammochon,Mamoswine,マンムー,맘모꾸리,Mamoswine,象牙豬
manaphy,Manaphy,Manaphy,Manaphy,Manaphy,Manaphy,マナフィ,마나피,Manaphy,瑪納霏
manectric,Manectric,Voltenso,Manectric,Élecsprint,Manectric,ライボルト,썬더볼트,Manectric,雷電獸
mankey,Mankey,Menki,Mankey,Férosinge,Mankey,マンキー,망키,Mankey,猴怪
mantine,Mantine,Mantax,Mantine,Démanta,Mantine,マンタイン,만타인,Mantine,巨翅飛魚
mantyke,Mantyke,Mantirps,Mantyke,Babimanta,Mantyke,タマンタ,타만타,Mantyke,小球飛魚
mareep,Mareep,Voltilamm,Mareep,Wattouat,Mareep,メリープ,메리프,Mareep,咩利羊
marill,Marill,Marill,Marill,Marill,Marill,マリル,마릴,Marill,瑪力露
marowak,Marowak,Knogga,Marowak,Ossatueur,Marowak,ガラガラ,텅구리,Marowak,嘎啦嘎啦
marowak+alolan,Marowak+alolan,Knogga+alolan,Marowak+alolan,Ossatueur+alolan,Marowak+alolan,ガラガラ,텅구리,Marowak+alolan,嘎啦嘎啦
marshtomp,Marshtomp,Moorabbel,Marshtomp,Flobio,Marshtomp,ヌマクロー,늪짱이,Marshtomp,沼躍魚
masquerain,Masquerain,Maskeregen,Masquerain,Maskadra,Masquerain,アメモース,비나방,Masquerain,雨翅蛾
mawile,Mawile,Flunkifer,Mawile,Mysdibule,Mawile,クチート,입치트,Mawile,大嘴娃
medicham,Medicham,Meditalis,Medicham,Charmina,Medicham,チャーレム,요가램,Medicham,恰雷姆
meditite,Meditite,Meditie,Meditite,Méditikka,Meditite,アサナン,요가랑,Meditite,瑪沙那
meganium,Meganium,Meganie,Meganium,Méganium,Meganium,メガニウム,메가니움,Meganium,大竺葵
melmetal,Melmetal,Melmetal,Melmetal,Melmetal,Melmetal,メルメタル,멜메탈,Melmetal,美錄梅塔
meltan,Meltan,Meltan,Meltan,Meltan,Meltan,メルタン,멜탄,Meltan,美錄坦
meowth,Meowth,Mauzi,Meowth,Miaouss,Meowth,ニャース,나옹,Meowth,喵喵
meowth+alolan,Meowth+alolan,Mauzi+alolan,Meowth+alolan,Miaouss+alolan,Meowth+alolan,ニャース,나옹,Meowth+alolan,喵喵
mesprit,Mesprit,Vesprit,Mesprit,Créfollet,Mesprit,エムリット,엠라이트,Mesprit,艾姆利多
metagross,Metagross,Metagross,Metagross,Métalosse,Metagross,メタグロス,메타그로스,Metagross,巨金怪
metang,Metang,Metang,Metang,Métang,Metang,メタング,메탕구,Metang,金屬怪
metapod,Metapod,Safcon,Metapod,Chrysacier,Metapod,トランセル,단데기,Metapod,鐵甲蛹
mew,Mew,Mew,Mew,Mew,Mew,ミュウ,뮤,Mew,夢幻
mewtwo,Mewtwo,Mewtu,Mewtwo,Mewtwo,Mewtwo,ミュウツー,뮤츠,Mewtwo,超夢
mewtwo+armored,Mewtwo+armored,Mewtu+armored,Mewtwo+armored,Mewtwo+armored,Mewtwo+armored,ミュウツー,뮤츠,Mewtwo+armored,超夢
mightyena,Mightyena,Magnayen,Mightyena,Grahyèna,Mightyena,グラエナ,그라에나,Mightyena,大狼犬
milotic,Milotic,Milotic,Milotic,Milobellus,Milotic,ミロカロス,밀로틱,Milotic,美納斯
miltank,Miltank,Miltank,Miltank,Écrémeuh,Miltank,ミルタンク,밀탱크,Miltank,大奶罐
mimejr.,Mimejr.,Pantimimi,Mimejr.,Mimejr.,Mimejr.,マネネ,흉내내,Mimejr.,魔尼尼
minun,Minun,Minun,Minun,Négapi,Minun,マイナン,마이농,Minun,負電拍拍
misdreavus,Misdreavus,Traunfugil,Misdreavus,Feuforêve,Misdreavus,ムウマ,무우마,Misdreavus,夢妖
mismagius,Mismagius,Traunmagil,Mismagius,Magirêve,Mismagius,ムウマージ,무우마직,Mismagius,夢妖魔
moltres,Moltres,Lavados,Moltres,Sulfura,Moltres,ファイヤー,파이어,Moltres,火焰鳥
monferno,Monferno,Panpyro,Monferno,Chimpenfeu,Monferno,モウカザル,파이숭이,Monferno,猛火猴
mothim,Mothim,Moterpel,Mothim,Papilord,Mothim,ガーメイル,나메일,Mothim,紳士蛾
mr.mime,Mr.mime,Pantimos,Mr.mime,M.mime,Mr.mime,バリヤード,마임맨,Mr.mime,魔牆人偶
mudkip,Mudkip,Hydropi,Mudkip,Gobou,Mudkip,ミズゴロウ,물짱이,Mudkip,水躍魚
muk,Muk,Sleimok,Muk,Grotadmorv,Muk,ベトベトン,질뻐기,Muk,臭臭泥
muk+alolan,Muk+alolan,Sleimok+alolan,Muk+alolan,Grotadmorv+alolan,Muk+alolan,ベトベトン,질뻐기,Muk+alolan,臭臭泥
munchlax,Munchlax,Mampfaxo,Munchlax,Goinfrex,Munchlax,ゴンベ,먹고자,Munchlax,小卡比獸
murkrow,Murkrow,Kramurx,Murkrow,Cornèbre,Murkrow,ヤミカラス,니로우,Murkrow,黑暗鴉
natu,Natu,Natu,Natu,Natu,Natu,ネイティ,네이티,Natu,天然雀
nidoking,Nidoking,Nidoking,Nidoking,Nidoking,Nidoking,ニドキング,니드킹,Nidoking,尼多王
nidoqueen,Nidoqueen,Nidoqueen,Nidoqueen,Nidoqueen,Nidoqueen,ニドクイン,니드퀸,Nidoqueen,尼多后
nidoran+female,Nidoran♀,Nidoran♀,Nidoran♀,Nidoran♀,Nidoran♀,ニドラン♀,니드런♀,Nidoran♀,尼多蘭
nidoran+male,Nidoran♂,Nidoran♂,Nidoran♂,Nidoran♂,Nidoran♂,ニドラン♂,니드런♂,Nidoran♂,尼多朗
nidorina,Nidorina,Nidorina,Nidorina,Nidorina,Nidorina,ニドリーナ,니드리나,Nidorina,尼多娜
nidorino,Nidorino,Nidorino,Nidorino,Nidorino,Nidorino,ニドリーノ,니드리노,Nidorino,尼多力諾
nincada,Nincada,Nincada,Nincada,Ningale,Nincada,ツチニン,토중몬,Nincada,土居忍士
ninetales+alolan,Ninetales+alolan,Vulnona+alolan,Ninetales+alolan,Feunard+alolan,Ninetales+alolan,キュウコン,나인테일,Ninetales+alolan,九尾
ninetales,Ninetales,Vulnona,Ninetales,Feunard,Ninetales,キュウコン,나인테일,Ninetales,九尾
ninjask,Ninjask,Ninjask,Ninjask,Ninjask,Ninjask,テッカニン,아이스크,Ninjask,鐵面忍者
noctowl,Noctowl,Noctuh,Noctowl,Noarfang,Noctowl,ヨルノズク,야부엉,Noctowl,貓頭夜鷹
nosepass,Nosepass,Nasgnet,Nosepass,Tarinor,Nosepass,ノズパス,코코파스,Nosepass,朝北鼻
numel,Numel,Camaub,Numel,Chamallot,Numel,ドンメル,둔타,Numel,呆火駝
nuzleaf,Nuzleaf,Blanas,Nuzleaf,Pifeuil,Nuzleaf,コノハナ,잎새코,Nuzleaf,長鼻葉
octillery,Octillery,Octillery,Octillery,Octillery,Octillery,オクタン,대포무노,Octillery,章魚桶
oddish,Oddish,Myrapla,Oddish,Mystherbe,Oddish,ナゾノクサ,뚜벅쵸,Oddish,走路草
omanyte,Omanyte,Amonitas,Omanyte,Amonita,Omanyte,オムナイト,암나이트,Omanyte,菊石獸
omastar,Omastar,Amoroso,Omastar,Amonistar,Omastar,オムスター,암스타,Omastar,多刺菊石獸
onix,Onix,Onix,Onix,Onix,Onix,イワーク,롱스톤,Onix,大岩蛇
pachirisu,Pachirisu,Pachirisu,Pachirisu,Pachirisu,Pachirisu,パチリス,파치리스,Pachirisu,帕奇利茲
palkia,Palkia,Palkia,Palkia,Palkia,Palkia,パルキア,펄기아,Palkia,帕路奇亞
paras,Paras,Paras,Paras,Paras,Paras,パラス,파라스,Paras,派拉斯
parasect,Parasect,Parasek,Parasect,Parasect,Parasect,パラセクト,파라섹트,Parasect,派拉斯特
pelipper,Pelipper,Pelipper,Pelipper,Bekipan,Pelipper,ペリッパー,패리퍼,Pelipper,大嘴鷗
persian,Persian,Snobilikat,Persian,Persian,Persian,ペルシアン,페르시온,Persian,貓老大
persian+alolan,Persian+alolan,Snobilikat+alolan,Persian+alolan,Persian+alolan,Persian+alolan,ペルシアン,페르시온,Persian+alolan,貓老大
phanpy,Phanpy,Phanpy,Phanpy,Phanpy,Phanpy,ゴマゾウ,코코리,Phanpy,小小象
phione,Phione,Phione,Phione,Phione,Phione,フィオネ,피오네,Phione,霏歐納
pichu,Pichu,Pichu,Pichu,Pichu,Pichu,ピチュー,피츄,Pichu,皮丘
pidgeot,Pidgeot,Tauboss,Pidgeot,Roucarnage,Pidgeot,ピジョット,피죤투,Pidgeot,大比鳥
pidgeotto,Pidgeotto,Tauboga,Pidgeotto,Roucoups,Pidgeotto,ピジョン,피죤,Pidgeotto,比比鳥
pidgey,Pidgey,Taubsi,Pidgey,Roucool,Pidgey,ポッポ,구구,Pidgey,波波
pikachu,Pikachu,Pikachu,Pikachu,Pikachu,Pikachu,ピカチュウ,피카츄,Pikachu,皮卡丘
piloswine,Piloswine,Keifel,Piloswine,Cochignon,Piloswine,イノムー,메꾸리,Piloswine,長毛豬
pineco,Pineco,Tannza,Pineco,Pomdepik,Pineco,クヌギダマ,피콘,Pineco,榛果球
pinsir,Pinsir,Pinsir,Pinsir,Scarabrute,Pinsir,カイロス,쁘사이저,Pinsir,凱羅斯
piplup,Piplup,Plinfa,Piplup,Tiplouf,Piplup,ポッチャマ,팽도리,Piplup,波加曼
plusle,Plusle,Plusle,Plusle,Posipi,Plusle,プラスル,플러시,Plusle,正電拍拍
politoed,Politoed,Quaxo,Politoed,Tarpaud,Politoed,ニョロトノ,왕구리,Politoed,蚊香蛙皇
poliwag,Poliwag,Quapsel,Poliwag,Ptitard,Poliwag,ニョロモ,발챙이,Poliwag,蚊香蝌蚪
poliwhirl,Poliwhirl,Quaputzi,Poliwhirl,Têtarte,Poliwhirl,ニョロゾ,슈륙챙이,Poliwhirl,蚊香君
poliwrath,Poliwrath,Quappo,Poliwrath,Tartard,Poliwrath,ニョロボン,강챙이,Poliwrath,蚊香泳士
ponyta,Ponyta,Ponita,Ponyta,Ponyta,Ponyta,ポニータ,포니타,Ponyta,小火馬
poochyena,Poochyena,Fiffyen,Poochyena,Medhyèna,Poochyena,ポチエナ,포챠나,Poochyena,土狼犬
porygon,Porygon,Porygon,Porygon,Porygon,Porygon,ポリゴン,폴리곤,Porygon,多邊獸
porygon-z,Porygon-Z,Porygon-Z,Porygon-Z,Porygon-Z,Porygon-Z,ポリゴンＺ,폴리곤Z,Porygon-Z,多邊獸Ｚ
porygon2,Porygon2,Porygon2,Porygon2,Porygon2,Porygon2,ポリゴン２,폴리곤2,Porygon2,多邊獸Ⅱ
primeape,Primeape,Rasaff,Primeape,Colossinge,Primeape,オコリザル,성원숭,Primeape,火爆猴
prinplup,Prinplup,Pliprin,Prinplup,Prinplouf,Prinplup,ポッタイシ,팽태자,Prinplup,波皇子
probopass,Probopass,Voluminas,Probopass,Tarinorme,Probopass,ダイノーズ,대코파스,Probopass,大朝北鼻
psyduck,Psyduck,Enton,Psyduck,Psykokwak,Psyduck,コダック,고라파덕,Psyduck,可達鴨
pupitar,Pupitar,Pupitar,Pupitar,Ymphect,Pupitar,サナギラス,데기라스,Pupitar,沙基拉斯
purugly,Purugly,Shnurgarst,Purugly,Chaffreux,Purugly,ブニャット,몬냥이,Purugly,東施喵
quagsire,Quagsire,Morlord,Quagsire,Maraiste,Quagsire,ヌオー,누오,Quagsire,沼王
quilava,Quilava,Igelavar,Quilava,Feurisson,Quilava,マグマラシ,마그케인,Quilava,火岩鼠
qwilfish,Qwilfish,Baldorfish,Qwilfish,Qwilfish,Qwilfish,ハリーセン,침바루,Qwilfish,千針魚
raichu,Raichu,Raichu,Raichu,Raichu,Raichu,ライチュウ,라이츄,Raichu,雷丘
raichu+alolan,Raichu+alolan,Raichu+alolan,Raichu+alolan,Raichu+alolan,Raichu+alolan,ライチュウ,라이츄,Raichu+alolan,雷丘
raikou,Raikou,Raikou,Raikou,Raikou,Raikou,ライコウ,라이코,Raikou,雷公
ralts,Ralts,Trasla,Ralts,Tarsal,Ralts,ラルトス,랄토스,Ralts,拉魯拉絲
rampardos,Rampardos,Rameidon,Rampardos,Charkos,Rampardos,ラムパルド,램펄드,Rampardos,戰槌龍
rapidash,Rapidash,Gallopa,Rapidash,Galopa,Rapidash,ギャロップ,날쌩마,Rapidash,烈焰馬
raticate,Raticate,Rattikarl,Raticate,Rattatac,Raticate,ラッタ,레트라,Raticate,拉達
raticate+alolan,Raticate+alolan,Rattikarl+alolan,Raticate+alolan,Rattatac+alolan,Raticate+alolan,ラッタ,레트라,Raticate+alolan,拉達
rattata,Rattata,Rattfratz,Rattata,Rattata,Rattata,コラッタ,꼬렛,Rattata,小拉達
rattata+alolan,Rattata+alolan,Rattfratz+alolan,Rattata+alolan,Rattata+alolan,Rattata+alolan,コラッタ,꼬렛,Rattata+alolan,小拉達
rayquaza,Rayquaza,Rayquaza,Rayquaza,Rayquaza,Rayquaza,レックウザ,레쿠쟈,Rayquaza,烈空坐
regice,Regice,Regice,Regice,Regice,Regice,レジアイス,레지아이스,Regice,雷吉艾斯
regigigas,Regigigas,Regigigas,Regigigas,Regigigas,Regigigas,レジギガス,레지기가스,Regigigas,雷吉奇卡斯
regirock,Regirock,Regirock,Regirock,Regirock,Regirock,レジロック,레지락,Regirock,雷吉洛克
registeel,Registeel,Registeel,Registeel,Registeel,Registeel,レジスチル,레지스틸,Registeel,雷吉斯奇魯
relicanth,Relicanth,Relicanth,Relicanth,Relicanth,Relicanth,ジーランス,시라칸,Relicanth,古空棘魚
remoraid,Remoraid,Remoraid,Remoraid,Rémoraid,Remoraid,テッポウオ,총어,Remoraid,鐵炮魚
rhydon,Rhydon,Rizeros,Rhydon,Rhinoféros,Rhydon,サイドン,코뿌리,Rhydon,鑽角犀獸
rhyhorn,Rhyhorn,Rihorn,Rhyhorn,Rhinocorne,Rhyhorn,サイホーン,뿔카노,Rhyhorn,獨角犀牛
rhyperior,Rhyperior,Rihornior,Rhyperior,Rhinastoc,Rhyperior,ドサイドン,거대코뿌리,Rhyperior,超甲狂犀
riolu,Riolu,Riolu,Riolu,Riolu,Riolu,リオル,리오르,Riolu,利歐路
roselia,Roselia,Roselia,Roselia,Rosélia,Roselia,ロゼリア,로젤리아,Roselia,毒薔薇
roserade,Roserade,Roserade,Roserade,Roserade,Roserade,ロズレイド,로즈레이드,Roserade,羅絲雷朵
rotom,Rotom,Rotom,Rotom,Motisma,Rotom,ロトム,로토무,Rotom,洛托姆
rotom+forms,Rotom+forms,Rotom+forms,Rotom+forms,Motisma+forms,Rotom+forms,ロトム,로토무,Rotom+forms,洛托姆
sableye,Sableye,Zobiris,Sableye,Ténéfix,Sableye,ヤミラミ,깜까미,Sableye,勾魂眼
salamence,Salamence,Brutalanda,Salamence,Drattak,Salamence,ボーマンダ,보만다,Salamence,暴飛龍
sandshrew,Sandshrew,Sandan,Sandshrew,Sabelette,Sandshrew,サンド,모래두지,Sandshrew,穿山鼠
sandshrew+alolan,Sandshrew+alolan,Sandan+alolan,Sandshrew+alolan,Sabelette+alolan,Sandshrew+alolan,サンド,모래두지,Sandshrew+alolan,穿山鼠
sandslash,Sandslash,Sandamer,Sandslash,Sablaireau,Sandslash,サンドパン,고지,Sandslash,穿山王
sandslash+alolan,Sandslash+alolan,Sandamer+alolan,Sandslash+alolan,Sablaireau+alolan,Sandslash+alolan,サンドパン,고지,Sandslash+alolan,穿山王
sceptile,Sceptile,Gewaldro,Sceptile,Jungko,Sceptile,ジュカイン,나무킹,Sceptile,蜥蜴王
scizor,Scizor,Scherox,Scizor,Cizayox,Scizor,ハッサム,핫삼,Scizor,巨鉗螳螂
scyther,Scyther,Sichlor,Scyther,Insécateur,Scyther,ストライク,스라크,Scyther,飛天螳螂
seadra,Seadra,Seemon,Seadra,Hypocéan,Seadra,シードラ,시드라,Seadra,海刺龍
seaking,Seaking,Golking,Seaking,Poissoroy,Seaking,アズマオウ,왕콘치,Seaking,金魚王
sealeo,Sealeo,Seejong,Sealeo,Phogleur,Sealeo,トドグラー,씨레오,Sealeo,海魔獅
seedot,Seedot,Samurzel,Seedot,Grainipiot,Seedot,タネボー,도토링,Seedot,橡實果
seel,Seel,Jurob,Seel,Otaria,Seel,パウワウ,쥬쥬,Seel,小海獅
sentret,Sentret,Wiesor,Sentret,Fouinette,Sentret,オタチ,꼬리선,Sentret,尾立
seviper,Seviper,Vipitis,Seviper,Séviper,Seviper,ハブネーク,세비퍼,Seviper,飯匙蛇
sharpedo,Sharpedo,Tohaido,Sharpedo,Sharpedo,Sharpedo,サメハダー,샤크니아,Sharpedo,巨牙鯊
shaymin+land,Shaymin+land,Shaymin+land,Shaymin+land,Shaymin+land,Shaymin+land,シェイミ,쉐이미,Shaymin+land,謝米
shaymin+sky,Shaymin+sky,Shaymin+sky,Shaymin+sky,Shaymin+sky,Shaymin+sky,シェイミ,쉐이미,Shaymin+sky,謝米
shedinja,Shedinja,Ninjatom,Shedinja,Munja,Shedinja,ヌケニン,껍질몬,Shedinja,脫殼忍者
shelgon,Shelgon,Draschel,Shelgon,Drackhaus,Shelgon,コモルー,쉘곤,Shelgon,甲殼龍
shellder,Shellder,Muschas,Shellder,Kokiyas,Shellder,シェルダー,셀러,Shellder,大舌貝
shellos,Shellos,Schalellos,Shellos,Sancoki,Shellos,カラナクシ,깝질무,Shellos,無殼海兔
shieldon,Shieldon,Schilterus,Shieldon,Dinoclier,Shieldon,タテトプス,방패톱스,Shieldon,盾甲龍
shiftry,Shiftry,Tengulist,Shiftry,Tengalice,Shiftry,ダーテング,다탱구,Shiftry,狡猾天狗
shinx,Shinx,Sheinux,Shinx,Lixy,Shinx,コリンク,꼬링크,Shinx,小貓怪
shroomish,Shroomish,Knilz,Shroomish,Balignon,Shroomish,キノココ,버섯꼬,Shroomish,蘑蘑菇
shuckle,Shuckle,Pottrott,Shuckle,Caratroc,Shuckle,ツボツボ,단단지,Shuckle,壺壺
shuppet,Shuppet,Shuppet,Shuppet,Polichombr,Shuppet,カゲボウズ,어둠대신,Shuppet,怨影娃娃
silcoon,Silcoon,Schaloko,Silcoon,Armulys,Silcoon,カラサリス,실쿤,Silcoon,甲殼繭
skarmory,Skarmory,Panzaeron,Skarmory,Airmure,Skarmory,エアームド,무장조,Skarmory,盔甲鳥
skiploom,Skiploom,Hubelupf,Skiploom,Floravol,Skiploom,ポポッコ,두코,Skiploom,毽子花
skitty,Skitty,Eneco,Skitty,Skitty,Skitty,エネコ,에나비,Skitty,向尾喵
skorupi,Skorupi,Pionskora,Skorupi,Rapion,Skorupi,スコルピ,스콜피,Skorupi,鉗尾蠍
skuntank,Skuntank,Skuntank,Skuntank,Moufflair,Skuntank,スカタンク,스컹탱크,Skuntank,坦克臭鼬
slaking,Slaking,Letarking,Slaking,Monaflèmit,Slaking,ケッキング,게을킹,Slaking,請假王
slakoth,Slakoth,Bummelz,Slakoth,Parecool,Slakoth,ナマケロ,게을로,Slakoth,懶人獺
slowbro,Slowbro,Lahmus,Slowbro,Flagadoss,Slowbro,ヤドラン,야도란,Slowbro,呆殼獸
slowking,Slowking,Laschoking,Slowking,Roigada,Slowking,ヤドキング,야도킹,Slowking,呆呆王
slowpoke,Slowpoke,Flegmon,Slowpoke,Ramoloss,Slowpoke,ヤドン,야돈,Slowpoke,呆呆獸
slugma,Slugma,Schneckmag,Slugma,Limagma,Slugma,マグマッグ,마그마그,Slugma,熔岩蟲
smeargle,Smeargle,Farbeagle,Smeargle,Queulorior,Smeargle,ドーブル,루브도,Smeargle,圖圖犬
smoochum,Smoochum,Kussilla,Smoochum,Lippouti,Smoochum,ムチュール,뽀뽀라,Smoochum,迷唇娃
sneasel,Sneasel,Sniebel,Sneasel,Farfuret,Sneasel,ニューラ,포푸니,Sneasel,狃拉
snorlax,Snorlax,Relaxo,Snorlax,Ronflex,Snorlax,カビゴン,잠만보,Snorlax,卡比獸
snorunt,Snorunt,Schneppke,Snorunt,Stalgamin,Snorunt,ユキワラシ,눈꼬마,Snorunt,雪童子
snover,Snover,Shnebedeck,Snover,Blizzi,Snover,ユキカブリ,눈쓰개,Snover,雪笠怪
snubbull,Snubbull,Snubbull,Snubbull,Snubbull,Snubbull,ブルー,블루,Snubbull,布魯
solrock,Solrock,Sonnfel,Solrock,Solaroc,Solrock,ソルロック,솔록,Solrock,太陽岩
spearow,Spearow,Habitak,Spearow,Piafabec,Spearow,オニスズメ,깨비참,Spearow,烈雀
spheal,Spheal,Seemops,Spheal,Obalie,Spheal,タマザラシ,대굴레오,Spheal,海豹球
spinarak,Spinarak,Webarak,Spinarak,Mimigal,Spinarak,イトマル,페이검,Spinarak,圓絲蛛
spinda,Spinda,Pandir,Spinda,Spinda,Spinda,パッチール,얼루기,Spinda,晃晃斑
spiritomb,Spiritomb,Kryppuk,Spiritomb,Spiritomb,Spiritomb,ミカルゲ,화강돌,Spiritomb,花岩怪
spoink,Spoink,Spoink,Spoink,Spoink,Spoink,バネブー,피그점프,Spoink,跳跳豬
squirtle,Squirtle,Schiggy,Squirtle,Carapuce,Squirtle,ゼニガメ,꼬부기,Squirtle,傑尼龜
stantler,Stantler,Damhirplex,Stantler,Cerfrousse,Stantler,オドシシ,노라키,Stantler,驚角鹿
staraptor,Staraptor,Staraptor,Staraptor,Étouraptor,Staraptor,ムクホーク,찌르호크,Staraptor,姆克鷹
staravia,Staravia,Staravia,Staravia,Étourvol,Staravia,ムクバード,찌르버드,Staravia,姆克鳥
starly,Starly,Staralili,Starly,Étourmi,Starly,ムックル,찌르꼬,Starly,姆克兒
starmie,Starmie,Starmie,Starmie,Staross,Starmie,スターミー,아쿠스타,Starmie,寶石海星
staryu,Staryu,Sterndu,Staryu,Stari,Staryu,ヒトデマン,별가사리,Staryu,海星星
steelix,Steelix,Stahlos,Steelix,Steelix,Steelix,ハガネール,강철톤,Steelix,大鋼蛇
stunky,Stunky,Skunkapuh,Stunky,Moufouette,Stunky,スカンプー,스컹뿡,Stunky,臭鼬噗
sudowoodo,Sudowoodo,Mogelbaum,Sudowoodo,Simularbre,Sudowoodo,ウソッキー,꼬지모,Sudowoodo,樹才怪
suicune,Suicune,Suicune,Suicune,Suicune,Suicune,スイクン,스이쿤,Suicune,水君
sunflora,Sunflora,Sonnflora,Sunflora,Héliatronc,Sunflora,キマワリ,해루미,Sunflora,向日花怪
sunkern,Sunkern,Sonnkern,Sunkern,Tournegrin,Sunkern,ヒマナッツ,해너츠,Sunkern,向日種子
surskit,Surskit,Gehweiher,Surskit,Arakdo,Surskit,アメタマ,비구술,Surskit,溜溜糖球
swablu,Swablu,Wablu,Swablu,Tylton,Swablu,チルット,파비코,Swablu,青綿鳥
swalot,Swalot,Schlukwech,Swalot,Avaltout,Swalot,マルノーム,꿀꺽몬,Swalot,吞食獸
swampert,Swampert,Sumpex,Swampert,Laggron,Swampert,ラグラージ,대짱이,Swampert,巨沼怪
swellow,Swellow,Schwalboss,Swellow,Hélédelle,Swellow,オオスバメ,스왈로,Swellow,大王燕
swinub,Swinub,Quiekel,Swinub,Marcacrin,Swinub,ウリムー,꾸꾸리,Swinub,小山豬
taillow,Taillow,Schwalbini,Taillow,Nirondelle,Taillow,スバメ,테일로,Taillow,傲骨燕
tangela,Tangela,Tangela,Tangela,Saquedeneu,Tangela,モンジャラ,덩쿠리,Tangela,蔓藤怪
tangrowth,Tangrowth,Tangoloss,Tangrowth,Bouldeneu,Tangrowth,モジャンボ,덩쿠림보,Tangrowth,巨蔓藤
tauros,Tauros,Tauros,Tauros,Tauros,Tauros,ケンタロス,켄타로스,Tauros,肯泰羅
teddiursa,Teddiursa,Teddiursa,Teddiursa,Teddiursa,Teddiursa,ヒメグマ,깜지곰,Teddiursa,熊寶寶
tentacool,Tentacool,Tentacha,Tentacool,Tentacool,Tentacool,メノクラゲ,왕눈해,Tentacool,瑪瑙水母
tentacruel,Tentacruel,Tentoxa,Tentacruel,Tentacruel,Tentacruel,ドククラゲ,독파리,Tentacruel,毒刺水母
togekiss,Togekiss,Togekiss,Togekiss,Togekiss,Togekiss,トゲキッス,토게키스,Togekiss,波克基斯
togepi,Togepi,Togepi,Togepi,Togepi,Togepi,トゲピー,토게피,Togepi,波克比
togetic,Togetic,Togetic,Togetic,Togetic,Togetic,トゲチック,토게틱,Togetic,波克基古
torchic,Torchic,Flemmli,Torchic,Poussifeu,Torchic,アチャモ,아차모,Torchic,火稚雞
torkoal,Torkoal,Qurtel,Torkoal,Chartor,Torkoal,コータス,코터스,Torkoal,煤炭龜
torterra,Torterra,Chelterrar,Torterra,Torterra,Torterra,ドダイトス,토대부기,Torterra,土台龜
totodile,Totodile,Karnimani,Totodile,Kaiminus,Totodile,ワニノコ,리아코,Totodile,小鋸鱷
toxicroak,Toxicroak,Toxiquak,Toxicroak,Coatox,Toxicroak,ドクロッグ,독개굴,Toxicroak,毒骷蛙
trapinch,Trapinch,Knacklion,Trapinch,Kraknoix,Trapinch,ナックラー,톱치,Trapinch,大顎蟻
treecko,Treecko,Geckarbor,Treecko,Arcko,Treecko,キモリ,나무지기,Treecko,木守宮
tropius,Tropius,Tropius,Tropius,Tropius,Tropius,トロピウス,트로피우스,Tropius,熱帶龍
turtwig,Turtwig,Chelast,Turtwig,Tortipouss,Turtwig,ナエトル,모부기,Turtwig,草苗龜
typhlosion,Typhlosion,Tornupto,Typhlosion,Typhlosion,Typhlosion,バクフーン,블레이범,Typhlosion,火爆獸
tyranitar,Tyranitar,Despotar,Tyranitar,Tyranocif,Tyranitar,バンギラス,마기라스,Tyranitar,班基拉斯
tyrogue,Tyrogue,Rabauz,Tyrogue,Debugant,Tyrogue,バルキー,배루키,Tyrogue,無畏小子
umbreon,Umbreon,Nachtara,Umbreon,Noctali,Umbreon,ブラッキー,블래키,Umbreon,月亮伊布
unown,Unown,Icognito,Unown,Zarbi,Unown,アンノーン,안농,Unown,未知圖騰
ursaring,Ursaring,Ursaring,Ursaring,Ursaring,Ursaring,リングマ,링곰,Ursaring,圈圈熊
uxie,Uxie,Selfe,Uxie,Créhelf,Uxie,ユクシー,유크시,Uxie,由克希
vaporeon,Vaporeon,Aquana,Vaporeon,Aquali,Vaporeon,シャワーズ,샤미드,Vaporeon,水伊布
venomoth,Venomoth,Omot,Venomoth,Aéromite,Venomoth,モルフォン,도나리,Venomoth,摩魯蛾
venonat,Venonat,Bluzuk,Venonat,Mimitoss,Venonat,コンパン,콘팡,Venonat,毛球
venusaur,Venusaur,Bisaflor,Venusaur,Florizarre,Venusaur,フシギバナ,이상해꽃,Venusaur,妙蛙花
vespiquen,Vespiquen,Honweisel,Vespiquen,Apireine,Vespiquen,ビークイン,비퀸,Vespiquen,蜂女王
vibrava,Vibrava,Vibrava,Vibrava,Vibraninf,Vibrava,ビブラーバ,비브라바,Vibrava,超音波幼蟲
victreebel,Victreebel,Sarzenia,Victreebel,Empiflor,Victreebel,ウツボット,우츠보트,Victreebel,大食花
vigoroth,Vigoroth,Muntier,Vigoroth,Vigoroth,Vigoroth,ヤルキモノ,발바로,Vigoroth,過動猿
vileplume,Vileplume,Giflor,Vileplume,Rafflesia,Vileplume,ラフレシア,라플레시아,Vileplume,霸王花
volbeat,Volbeat,Volbeat,Volbeat,Muciole,Volbeat,バルビート,볼비트,Volbeat,電螢蟲
voltorb,Voltorb,Voltobal,Voltorb,Voltorbe,Voltorb,ビリリダマ,찌리리공,Voltorb,霹靂電球
vulpix,Vulpix,Vulpix,Vulpix,Goupix,Vulpix,ロコン,식스테일,Vulpix,六尾
vulpix+alolan,Vulpix+alolan,Vulpix+alolan,Vulpix+alolan,Goupix+alolan,Vulpix+alolan,ロコン,식스테일,Vulpix+alolan,六尾
wailmer,Wailmer,Wailmer,Wailmer,Wailmer,Wailmer,ホエルコ,고래왕자,Wailmer,吼吼鯨
wailord,Wailord,Wailord,Wailord,Wailord,Wailord,ホエルオー,고래왕,Wailord,吼鯨王
walrein,Walrein,Walraisa,Walrein,Kaimorse,Walrein,トドゼルガ,씨카이저,Walrein,帝牙海獅
wartortle,Wartortle,Schillok,Wartortle,Carabaffe,Wartortle,カメール,어니부기,Wartortle,卡咪龜
weavile,Weavile,Snibunna,Weavile,Dimoret,Weavile,マニューラ,포푸니라,Weavile,瑪狃拉
weedle,Weedle,Hornliu,Weedle,Aspicot,Weedle,ビードル,뿔충이,Weedle,獨角蟲
weepinbell,Weepinbell,Ultrigaria,Weepinbell,Boustiflor,Weepinbell,ウツドン,우츠동,Weepinbell,口呆花
weezing,Weezing,Smogmog,Weezing,Smogogo,Weezing,マタドガス,또도가스,Weezing,雙彈瓦斯
whiscash,Whiscash,Welsar,Whiscash,Barbicha,Whiscash,ナマズン,메깅,Whiscash,鯰魚王
whismur,Whismur,Flurmel,Whismur,Chuchmur,Whismur,ゴニョニョ,소곤룡,Whismur,咕妞妞
wigglytuff,Wigglytuff,Knuddeluff,Wigglytuff,Grodoudou,Wigglytuff,プクリン,푸크린,Wigglytuff,胖可丁
wingull,Wingull,Wingull,Wingull,Goélise,Wingull,キャモメ,갈모매,Wingull,長翅鷗
wobbuffet,Wobbuffet,Woingenau,Wobbuffet,Qulbutoké,Wobbuffet,ソーナンス,마자용,Wobbuffet,果然翁
wooper,Wooper,Felino,Wooper,Axoloto,Wooper,ウパー,우파,Wooper,烏波
wormadam+trash,Wormadam+trash,Burmadame+trash,Wormadam+trash,Cheniselle+trash,Wormadam+trash,ミノマダム,도롱마담,Wormadam+trash,結草貴婦
wormadam+sandy,Wormadam+sandy,Burmadame+sandy,Wormadam+sandy,Cheniselle+sandy,Wormadam+sandy,ミノマダム,도롱마담,Wormadam+sandy,結草貴婦
wormadam+plant,Wormadam+plant,Burmadame+plant,Wormadam+plant,Cheniselle+plant,Wormadam+plant,ミノマダム,도롱마담,Wormadam+plant,結草貴婦
wurmple,Wurmple,Waumpel,Wurmple,Chenipotte,Wurmple,ケムッソ,개무소,Wurmple,刺尾蟲
wynaut,Wynaut,Isso,Wynaut,Okéoké,Wynaut,ソーナノ,마자,Wynaut,小果然
xatu,Xatu,Xatu,Xatu,Xatu,Xatu,ネイティオ,네이티오,Xatu,天然鳥
yanma,Yanma,Yanma,Yanma,Yanma,Yanma,ヤンヤンマ,왕자리,Yanma,蜻蜻蜓
yanmega,Yanmega,Yanmega,Yanmega,Yanmega,Yanmega,メガヤンマ,메가자리,Yanmega,遠古巨蜓
zangoose,Zangoose,Sengo,Zangoose,Mangriff,Zangoose,ザングース,쟝고,Zangoose,貓鼬斬
zapdos,Zapdos,Zapdos,Zapdos,Électhor,Zapdos,サンダー,썬더,Zapdos,閃電鳥
zigzagoon,Zigzagoon,Zigzachs,Zigzagoon,Zigzaton,Zigzagoon,ジグザグマ,지그제구리,Zigzagoon,蛇紋熊
zubat,Zubat,Zubat,Zubat,Nosferapti,Zubat,ズバット,주뱃,Zubat,超音蝠
Victini,Victini,Victini,Victini,Victini,Victini,Victini,Victini,Victini,Victini
Snivy,Snivy,Snivy,Snivy,Snivy,Snivy,Snivy,Snivy,Snivy,Snivy
Servine,Servine,Servine,Servine,Servine,Servine,Servine,Servine,Servine,Servine
Serperior,Serperior,Serperior,Serperior,Serperior,Serperior,Serperior,Serperior,Serperior,Serperior
Tepig,Tepig,Tepig,Tepig,Tepig,Tepig,Tepig,Tepig,Tepig,Tepig
Pignite,Pignite,Pignite,Pignite,Pignite,Pignite,Pignite,Pignite,Pignite,Pignite
Emboar,Emboar,Emboar,Emboar,Emboar,Emboar,Emboar,Emboar,Emboar,Emboar
Oshawott,Oshawott,Oshawott,Oshawott,Oshawott,Oshawott,Oshawott,Oshawott,Oshawott,Oshawott
Dewott,Dewott,Dewott,Dewott,Dewott,Dewott,Dewott,Dewott,Dewott,Dewott
Samurott,Samurott,Samurott,Samurott,Samurott,Samurott,Samurott,Samurott,Samurott,Samurott
Patrat,Patrat,Patrat,Patrat,Patrat,Patrat,Patrat,Patrat,Patrat,Patrat
Watchog,Watchog,Watchog,Watchog,Watchog,Watchog,Watchog,Watchog,Watchog,Watchog
Lillipup,Lillipup,Lillipup,Lillipup,Lillipup,Lillipup,Lillipup,Lillipup,Lillipup,Lillipup
Herdier,Herdier,Herdier,Herdier,Herdier,Herdier,Herdier,Herdier,Herdier,Herdier
Stoutland,Stoutland,Stoutland,Stoutland,Stoutland,Stoutland,Stoutland,Stoutland,Stoutland,Stoutland
Purrloin,Purrloin,Purrloin,Purrloin,Purrloin,Purrloin,Purrloin,Purrloin,Purrloin,Purrloin
Liepard,Liepard,Liepard,Liepard,Liepard,Liepard,Liepard,Liepard,Liepard,Liepard
Pansage,Pansage,Pansage,Pansage,Pansage,Pansage,Pansage,Pansage,Pansage,Pansage
Simisage,Simisage,Simisage,Simisage,Simisage,Simisage,Simisage,Simisage,Simisage,Simisage
Pansear,Pansear,Pansear,Pansear,Pansear,Pansear,Pansear,Pansear,Pansear,Pansear
Simisear,Simisear,Simisear,Simisear,Simisear,Simisear,Simisear,Simisear,Simisear,Simisear
Panpour,Panpour,Panpour,Panpour,Panpour,Panpour,Panpour,Panpour,Panpour,Panpour
Simipour,Simipour,Simipour,Simipour,Simipour,Simipour,Simipour,Simipour,Simipour,Simipour
Munna,Munna,Munna,Munna,Munna,Munna,Munna,Munna,Munna,Munna
Musharna,Musharna,Musharna,Musharna,Musharna,Musharna,Musharna,Musharna,Musharna,Musharna
Pidove,Pidove,Pidove,Pidove,Pidove,Pidove,Pidove,Pidove,Pidove,Pidove
Tranquill,Tranquill,Tranquill,Tranquill,Tranquill,Tranquill,Tranquill,Tranquill,Tranquill,Tranquill
Unfezant,Unfezant,Unfezant,Unfezant,Unfezant,Unfezant,Unfezant,Unfezant,Unfezant,Unfezant
Blitzle,Blitzle,Blitzle,Blitzle,Blitzle,Blitzle,Blitzle,Blitzle,Blitzle,Blitzle
Zebstrika,Zebstrika,Zebstrika,Zebstrika,Zebstrika,Zebstrika,Zebstrika,Zebstrika,Zebstrika,Zebstrika
Roggenrola,Roggenrola,Roggenrola,Roggenrola,Roggenrola,Roggenrola,Roggenrola,Roggenrola,Roggenrola,Roggenrola
Boldore,Boldore,Boldore,Boldore,Boldore,Boldore,Boldore,Boldore,Boldore,Boldore
Gigalith,Gigalith,Gigalith,Gigalith,Gigalith,Gigalith,Gigalith,Gigalith,Gigalith,Gigalith
Woobat,Woobat,Woobat,Woobat,Woobat,Woobat,Woobat,Woobat,Woobat,Woobat
Swoobat,Swoobat,Swoobat,Swoobat,Swoobat,Swoobat,Swoobat,Swoobat,Swoobat,Swoobat
Drilbur,Drilbur,Drilbur,Drilbur,Drilbur,Drilbur,Drilbur,Drilbur,Drilbur,Drilbur
Excadrill,Excadrill,Excadrill,Excadrill,Excadrill,Excadrill,Excadrill,Excadrill,Excadrill,Excadrill
Audino,Audino,Audino,Audino,Audino,Audino,Audino,Audino,Audino,Audino
Mega Audino,Mega Audino,Mega Audino,Mega Audino,Mega Audino,Mega Audino,Mega Audino,Mega Audino,Mega Audino,Mega Audino
Timburr,Timburr,Timburr,Timburr,Timburr,Timburr,Timburr,Timburr,Timburr,Timburr
Gurdurr,Gurdurr,Gurdurr,Gurdurr,Gurdurr,Gurdurr,Gurdurr,Gurdurr,Gurdurr,Gurdurr
Conkeldurr,Conkeldurr,Conkeldurr,Conkeldurr,Conkeldurr,Conkeldurr,Conkeldurr,Conkeldurr,Conkeldurr,Conkeldurr
Tympole,Tympole,Tympole,Tympole,Tympole,Tympole,Tympole,Tympole,Tympole,Tympole
Palpitoad,Palpitoad,Palpitoad,Palpitoad,Palpitoad,Palpitoad,Palpitoad,Palpitoad,Palpitoad,Palpitoad
Seismitoad,Seismitoad,Seismitoad,Seismitoad,Seismitoad,Seismitoad,Seismitoad,Seismitoad,Seismitoad,Seismitoad
Throh,Throh,Throh,Throh,Throh,Throh,Throh,Throh,Throh,Throh
Sawk,Sawk,Sawk,Sawk,Sawk,Sawk,Sawk,Sawk,Sawk,Sawk
Sewaddle,Sewaddle,Sewaddle,Sewaddle,Sewaddle,Sewaddle,Sewaddle,Sewaddle,Sewaddle,Sewaddle
Swadloon,Swadloon,Swadloon,Swadloon,Swadloon,Swadloon,Swadloon,Swadloon,Swadloon,Swadloon
Leavanny,Leavanny,Leavanny,Leavanny,Leavanny,Leavanny,Leavanny,Leavanny,Leavanny,Leavanny
Venipede,Venipede,Venipede,Venipede,Venipede,Venipede,Venipede,Venipede,Venipede,Venipede
Whirlipede,Whirlipede,Whirlipede,Whirlipede,Whirlipede,Whirlipede,Whirlipede,Whirlipede,Whirlipede,Whirlipede
Scolipede,Scolipede,Scolipede,Scolipede,Scolipede,Scolipede,Scolipede,Scolipede,Scolipede,Scolipede
Cottonee,Cottonee,Cottonee,Cottonee,Cottonee,Cottonee,Cottonee,Cottonee,Cottonee,Cottonee
Whimsicott,Whimsicott,Whimsicott,Whimsicott,Whimsicott,Whimsicott,Whimsicott,Whimsicott,Whimsicott,Whimsicott
Petilil,Petilil,Petilil,Petilil,Petilil,Petilil,Petilil,Petilil,Petilil,Petilil
Lilligant,Lilligant,Lilligant,Lilligant,Lilligant,Lilligant,Lilligant,Lilligant,Lilligant,Lilligant
Basculin,Basculin,Basculin,Basculin,Basculin,Basculin,Basculin,Basculin,Basculin,Basculin
Sandile,Sandile,Sandile,Sandile,Sandile,Sandile,Sandile,Sandile,Sandile,Sandile
Krokorok,Krokorok,Krokorok,Krokorok,Krokorok,Krokorok,Krokorok,Krokorok,Krokorok,Krokorok
Krookodile,Krookodile,Krookodile,Krookodile,Krookodile,Krookodile,Krookodile,Krookodile,Krookodile,Krookodile
Darumaka,Darumaka,Darumaka,Darumaka,Darumaka,Darumaka,Darumaka,Darumaka,Darumaka,Darumaka
Darmanitan,Darmanitan,Darmanitan,Darmanitan,Darmanitan,Darmanitan,Darmanitan,Darmanitan,Darmanitan,Darmanitan
Maractus,Maractus,Maractus,Maractus,Maractus,Maractus,Maractus,Maractus,Maractus,Maractus
Dwebble,Dwebble,Dwebble,Dwebble,Dwebble,Dwebble,Dwebble,Dwebble,Dwebble,Dwebble
Crustle,Crustle,Crustle,Crustle,Crustle,Crustle,Crustle,Crustle,Crustle,Crustle
Scraggy,Scraggy,Scraggy,Scraggy,Scraggy,Scraggy,Scraggy,Scraggy,Scraggy,Scraggy
Scrafty,Scrafty,Scrafty,Scrafty,Scrafty,Scrafty,Scrafty,Scrafty,Scrafty,Scrafty
Sigilyph,Sigilyph,Sigilyph,Sigilyph,Sigilyph,Sigilyph,Sigilyph,Sigilyph,Sigilyph,Sigilyph
Yamask,Yamask,Yamask,Yamask,Yamask,Yamask,Yamask,Yamask,Yamask,Yamask
Cofagrigus,Cofagrigus,Cofagrigus,Cofagrigus,Cofagrigus,Cofagrigus,Cofagrigus,Cofagrigus,Cofagrigus,Cofagrigus
Tirtouga,Tirtouga,Tirtouga,Tirtouga,Tirtouga,Tirtouga,Tirtouga,Tirtouga,Tirtouga,Tirtouga
Carracosta,Carracosta,Carracosta,Carracosta,Carracosta,Carracosta,Carracosta,Carracosta,Carracosta,Carracosta
Archen,Archen,Archen,Archen,Archen,Archen,Archen,Archen,Archen,Archen
Archeops,Archeops,Archeops,Archeops,Archeops,Archeops,Archeops,Archeops,Archeops,Archeops
Trubbish,Trubbish,Trubbish,Trubbish,Trubbish,Trubbish,Trubbish,Trubbish,Trubbish,Trubbish
Garbodor,Garbodor,Garbodor,Garbodor,Garbodor,Garbodor,Garbodor,Garbodor,Garbodor,Garbodor
Zorua,Zorua,Zorua,Zorua,Zorua,Zorua,Zorua,Zorua,Zorua,Zorua
Zoroark,Zoroark,Zoroark,Zoroark,Zoroark,Zoroark,Zoroark,Zoroark,Zoroark,Zoroark
Minccino,Minccino,Minccino,Minccino,Minccino,Minccino,Minccino,Minccino,Minccino,Minccino
Cinccino,Cinccino,Cinccino,Cinccino,Cinccino,Cinccino,Cinccino,Cinccino,Cinccino,Cinccino
Gothita,Gothita,Gothita,Gothita,Gothita,Gothita,Gothita,Gothita,Gothita,Gothita
Gothorita,Gothorita,Gothorita,Gothorita,Gothorita,Gothorita,Gothorita,Gothorita,Gothorita,Gothorita
Gothitelle,Gothitelle,Gothitelle,Gothitelle,Gothitelle,Gothitelle,Gothitelle,Gothitelle,Gothitelle,Gothitelle
Solosis,Solosis,Solosis,Solosis,Solosis,Solosis,Solosis,Solosis,Solosis,Solosis
Duosion,Duosion,Duosion,Duosion,Duosion,Duosion,Duosion,Duosion,Duosion,Duosion
Reuniclus,Reuniclus,Reuniclus,Reuniclus,Reuniclus,Reuniclus,Reuniclus,Reuniclus,Reuniclus,Reuniclus
Ducklett,Ducklett,Ducklett,Ducklett,Ducklett,Ducklett,Ducklett,Ducklett,Ducklett,Ducklett
Swanna,Swanna,Swanna,Swanna,Swanna,Swanna,Swanna,Swanna,Swanna,Swanna
Vanillite,Vanillite,Vanillite,Vanillite,Vanillite,Vanillite,Vanillite,Vanillite,Vanillite,Vanillite
Vanillish,Vanillish,Vanillish,Vanillish,Vanillish,Vanillish,Vanillish,Vanillish,Vanillish,Vanillish
Vanilluxe,Vanilluxe,Vanilluxe,Vanilluxe,Vanilluxe,Vanilluxe,Vanilluxe,Vanilluxe,Vanilluxe,Vanilluxe
Deerling,Deerling,Deerling,Deerling,Deerling,Deerling,Deerling,Deerling,Deerling,Deerling
Sawsbuck,Sawsbuck,Sawsbuck,Sawsbuck,Sawsbuck,Sawsbuck,Sawsbuck,Sawsbuck,Sawsbuck,Sawsbuck
Emolga,Emolga,Emolga,Emolga,Emolga,Emolga,Emolga,Emolga,Emolga,Emolga
Karrablast,Karrablast,Karrablast,Karrablast,Karrablast,Karrablast,Karrablast,Karrablast,Karrablast,Karrablast
Escavalier,Escavalier,Escavalier,Escavalier,Escavalier,Escavalier,Escavalier,Escavalier,Escavalier,Escavalier
Foongus,Foongus,Foongus,Foongus,Foongus,Foongus,Foongus,Foongus,Foongus,Foongus
Amoonguss,Amoonguss,Amoonguss,Amoonguss,Amoonguss,Amoonguss,Amoonguss,Amoonguss,Amoonguss,Amoonguss
Frillish,Frillish,Frillish,Frillish,Frillish,Frillish,Frillish,Frillish,Frillish,Frillish
Jellicent,Jellicent,Jellicent,Jellicent,Jellicent,Jellicent,Jellicent,Jellicent,Jellicent,Jellicent
Alomomola,Alomomola,Alomomola,Alomomola,Alomomola,Alomomola,Alomomola,Alomomola,Alomomola,Alomomola
Joltik,Joltik,Joltik,Joltik,Joltik,Joltik,Joltik,Joltik,Joltik,Joltik
Galvantula,Galvantula,Galvantula,Galvantula,Galvantula,Galvantula,Galvantula,Galvantula,Galvantula,Galvantula
Ferroseed,Ferroseed,Ferroseed,Ferroseed,Ferroseed,Ferroseed,Ferroseed,Ferroseed,Ferroseed,Ferroseed
Ferrothorn,Ferrothorn,Ferrothorn,Ferrothorn,Ferrothorn,Ferrothorn,Ferrothorn,Ferrothorn,Ferrothorn,Ferrothorn
Klink,Klink,Klink,Klink,Klink,Klink,Klink,Klink,Klink,Klink
Klang,Klang,Klang,Klang,Klang,Klang,Klang,Klang,Klang,Klang
Klinklang,Klinklang,Klinklang,Klinklang,Klinklang,Klinklang,Klinklang,Klinklang,Klinklang,Klinklang
Tynamo,Tynamo,Tynamo,Tynamo,Tynamo,Tynamo,Tynamo,Tynamo,Tynamo,Tynamo
Eelektrik,Eelektrik,Eelektrik,Eelektrik,Eelektrik,Eelektrik,Eelektrik,Eelektrik,Eelektrik,Eelektrik
Eelektross,Eelektross,Eelektross,Eelektross,Eelektross,Eelektross,Eelektross,Eelektross,Eelektross,Eelektross
Elgyem,Elgyem,Elgyem,Elgyem,Elgyem,Elgyem,Elgyem,Elgyem,Elgyem,Elgyem
Beheeyem,Beheeyem,Beheeyem,Beheeyem,Beheeyem,Beheeyem,Beheeyem,Beheeyem,Beheeyem,Beheeyem
Litwick,Litwick,Litwick,Litwick,Litwick,Litwick,Litwick,Litwick,Litwick,Litwick
Lampent,Lampent,Lampent,Lampent,Lampent,Lampent,Lampent,Lampent,Lampent,Lampent
Chandelure,Chandelure,Chandelure,Chandelure,Chandelure,Chandelure,Chandelure,Chandelure,Chandelure,Chandelure
Axew,Axew,Axew,Axew,Axew,Axew,Axew,Axew,Axew,Axew
Fraxure,Fraxure,Fraxure,Fraxure,Fraxure,Fraxure,Fraxure,Fraxure,Fraxure,Fraxure
Haxorus,Haxorus,Haxorus,Haxorus,Haxorus,Haxorus,Haxorus,Haxorus,Haxorus,Haxorus
Cubchoo,Cubchoo,Cubchoo,Cubchoo,Cubchoo,Cubchoo,Cubchoo,Cubchoo,Cubchoo,Cubchoo
Beartic,Beartic,Beartic,Beartic,Beartic,Beartic,Beartic,Beartic,Beartic,Beartic
Cryogonal,Cryogonal,Cryogonal,Cryogonal,Cryogonal,Cryogonal,Cryogonal,Cryogonal,Cryogonal,Cryogonal
Shelmet,Shelmet,Shelmet,Shelmet,Shelmet,Shelmet,Shelmet,Shelmet,Shelmet,Shelmet
Accelgor,Accelgor,Accelgor,Accelgor,Accelgor,Accelgor,Accelgor,Accelgor,Accelgor,Accelgor
Stunfisk,Stunfisk,Stunfisk,Stunfisk,Stunfisk,Stunfisk,Stunfisk,Stunfisk,Stunfisk,Stunfisk
Mienfoo,Mienfoo,Mienfoo,Mienfoo,Mienfoo,Mienfoo,Mienfoo,Mienfoo,Mienfoo,Mienfoo
Mienshao,Mienshao,Mienshao,Mienshao,Mienshao,Mienshao,Mienshao,Mienshao,Mienshao,Mienshao
Druddigon,Druddigon,Druddigon,Druddigon,Druddigon,Druddigon,Druddigon,Druddigon,Druddigon,Druddigon
Golett,Golett,Golett,Golett,Golett,Golett,Golett,Golett,Golett,Golett
Golurk,Golurk,Golurk,Golurk,Golurk,Golurk,Golurk,Golurk,Golurk,Golurk
Pawniard,Pawniard,Pawniard,Pawniard,Pawniard,Pawniard,Pawniard,Pawniard,Pawniard,Pawniard
Bisharp,Bisharp,Bisharp,Bisharp,Bisharp,Bisharp,Bisharp,Bisharp,Bisharp,Bisharp
Bouffalant,Bouffalant,Bouffalant,Bouffalant,Bouffalant,Bouffalant,Bouffalant,Bouffalant,Bouffalant,Bouffalant
Rufflet,Rufflet,Rufflet,Rufflet,Rufflet,Rufflet,Rufflet,Rufflet,Rufflet,Rufflet
Braviary,Braviary,Braviary,Braviary,Braviary,Braviary,Braviary,Braviary,Braviary,Braviary
Vullaby,Vullaby,Vullaby,Vullaby,Vullaby,Vullaby,Vullaby,Vullaby,Vullaby,Vullaby
Mandibuzz,Mandibuzz,Mandibuzz,Mandibuzz,Mandibuzz,Mandibuzz,Mandibuzz,Mandibuzz,Mandibuzz,Mandibuzz
Heatmor,Heatmor,Heatmor,Heatmor,Heatmor,Heatmor,Heatmor,Heatmor,Heatmor,Heatmor
Durant,Durant,Durant,Durant,Durant,Durant,Durant,Durant,Durant,Durant
Deino,Deino,Deino,Deino,Deino,Deino,Deino,Deino,Deino,Deino
Zweilous,Zweilous,Zweilous,Zweilous,Zweilous,Zweilous,Zweilous,Zweilous,Zweilous,Zweilous
Hydreigon,Hydreigon,Hydreigon,Hydreigon,Hydreigon,Hydreigon,Hydreigon,Hydreigon,Hydreigon,Hydreigon
Larvesta,Larvesta,Larvesta,Larvesta,Larvesta,Larvesta,Larvesta,Larvesta,Larvesta,Larvesta
Volcarona,Volcarona,Volcarona,Volcarona,Volcarona,Volcarona,Volcarona,Volcarona,Volcarona,Volcarona
Cobalion,Cobalion,Cobalion,Cobalion,Cobalion,Cobalion,Cobalion,Cobalion,Cobalion,Cobalion
Terrakion,Terrakion,Terrakion,Terrakion,Terrakion,Terrakion,Terrakion,Terrakion,Terrakion,Terrakion
Virizion,Virizion,Virizion,Virizion,Virizion,Virizion,Virizion,Virizion,Virizion,Virizion
Tornadus+incarnate,Tornadus+incarnate,Tornadus+incarnate,Tornadus+incarnate,Tornadus+incarnate,Tornadus+incarnate,Tornadus+incarnate,Tornadus+incarnate,Tornadus+incarnate,Tornadus+incarnate
Tornadus+therian,Tornadus+therian,Tornadus+therian,Tornadus+therian,Tornadus+therian,Tornadus+therian,Tornadus+therian,Tornadus+therian,Tornadus+therian,Tornadus+therian
Thundurus+incarnate,Thundurus+incarnate,Thundurus+incarnate,Thundurus+incarnate,Thundurus+incarnate,Thundurus+incarnate,Thundurus+incarnate,Thundurus+incarnate,Thundurus+incarnate,Thundurus+incarnate
Thundurus+therian,Thundurus+therian,Thundurus+therian,Thundurus+therian,Thundurus+therian,Thundurus+therian,Thundurus+therian,Thundurus+therian,Thundurus+therian,Thundurus+therian
Reshiram,Reshiram,Reshiram,Reshiram,Reshiram,Reshiram,Reshiram,Reshiram,Reshiram,Reshiram
Zekrom,Zekrom,Zekrom,Zekrom,Zekrom,Zekrom,Zekrom,Zekrom,Zekrom,Zekrom
Landorus+incarnate,Landorus+incarnate,Landorus+incarnate,Landorus+incarnate,Landorus+incarnate,Landorus+incarnate,Landorus+incarnate,Landorus+incarnate,Landorus+incarnate,Landorus+incarnate
Landorus+therian,Landorus+therian,Landorus+therian,Landorus+therian,Landorus+therian,Landorus+therian,Landorus+therian,Landorus+therian,Landorus+therian,Landorus+therian
Kyurem,Kyurem,Kyurem,Kyurem,Kyurem,Kyurem,Kyurem,Kyurem,Kyurem,Kyurem
Keldeo,Keldeo,Keldeo,Keldeo,Keldeo,Keldeo,Keldeo,Keldeo,Keldeo,Keldeo
Meloetta+aria,Meloetta+aria,Meloetta+aria,Meloetta+aria,Meloetta+aria,Meloetta+aria,Meloetta+aria,Meloetta+aria,Meloetta+aria,Meloetta+aria
meloetta+pirouette,Meloetta+pirouette,Meloetta+pirouette,Meloetta+pirouette,Meloetta+pirouette,Meloetta+pirouette,Meloetta+pirouette,Meloetta+pirouette,Meloetta+pirouette,Meloetta+pirouette
Genesect,Genesect,Genesect,Genesect,Genesect,Genesect,Genesect,Genesect,Genesect,Genesect
